Name,Value,Unit
Ts,10,us
f_base,50,Hz
V_base,0.69,kV
P_base,15,MVA
L_vsc,1.01e-05,H
C_filt,0.00251,F
R_vsc,0.0006348,Ohm
R_filt,9.5e-05,Ohm
R_grid,0.000718401144847384,Ohm
L_grid,2.51541605315743e-05,H
kp_V,0,pu
Ti_V,0.0013524424063427,s
kp_P,0,pu
Ti_P,0.00543207804836675,s
kp_I,1.76228702518757,pu
Ti_I,0.000494986469713584,s
kp_pll,6.91793282533121,pu
Ti_pll,0.262900493066124,s
kp_DC,6.1580861212443,pu
Ti_DC,0.00151360247557112,s
